fold,empty_prompt_accuracy,empty_prompt_predicted_positive_rate,seed_frozen_accuracy,seed_frozen_predicted_positive_rate,teacher_single_full_budget_from_seed_accuracy,teacher_single_full_budget_from_seed_predicted_positive_rate,iterative_from_seed_accuracy,iterative_from_seed_predicted_positive_rate,expert_fixed_benchmark_accuracy,expert_fixed_benchmark_predicted_positive_rate
0,0.5138422818791947,0.4559563758389262,0.5197147651006712,0.5171979865771812,0.5218120805369127,0.50251677852349,0.5234899328859061,0.5100671140939598,0.5171979865771812,0.5255872483221476
1,0.5137653536637018,0.4608216857263871,0.5205421431596781,0.5226598898771707,0.5222363405336722,0.5074121135112241,0.5205421431596781,0.5226598898771707,0.5129182549767047,0.5252011859381618
2,0.5212810788032027,0.4669195111672988,0.5187526337968816,0.516645596291614,0.5276021913190054,0.506110408765276,0.5259165613147914,0.506953223767383,0.5170670037926675,0.5267593763168984
