fold,empty_prompt_accuracy,empty_prompt_predicted_positive_rate,seed_frozen_accuracy,seed_frozen_predicted_positive_rate,teacher_single_full_budget_from_seed_accuracy,teacher_single_full_budget_from_seed_predicted_positive_rate,iterative_from_seed_accuracy,iterative_from_seed_predicted_positive_rate,expert_fixed_benchmark_accuracy,expert_fixed_benchmark_predicted_positive_rate
0,0.5183932346723045,0.45750528541226215,0.5255813953488372,0.5145877378435518,0.5276955602536998,0.5048625792811839,0.5251585623678647,0.508245243128964,0.5183932346723045,0.5243128964059197
1,0.5201850294365012,0.4613120269133726,0.5210260723296888,0.5185029436501262,0.5096719932716569,0.46509671993271656,0.5218671152228763,0.5033641715727503,0.5151387720773759,0.522708158116064
2,0.5254736842105263,0.46989473684210525,0.5212631578947369,0.519578947368421,0.5229473684210526,0.512,0.5212631578947369,0.519578947368421,0.5208421052631579,0.5216842105263158
