{
  "fold_meta_summary": {
    "iterative_from_seed_vs_empty_prompt": {
      "max_accuracy_diff": 0.009647651006711389,
      "min_accuracy_diff": 0.004635482511588629,
      "std_accuracy_diff": 0.0020534219255430616,
      "weighted_mean_accuracy_diff": 0.007019974338092094
    },
    "iterative_from_seed_vs_expert_fixed_benchmark": {
      "max_accuracy_diff": 0.008849557522123908,
      "min_accuracy_diff": 0.006291946308724872,
      "std_accuracy_diff": 0.0010444408181847992,
      "weighted_mean_accuracy_diff": 0.007588464004607369
    },
    "iterative_from_seed_vs_seed_frozen": {
      "max_accuracy_diff": 0.0071639275179097295,
      "min_accuracy_diff": 0.0,
      "std_accuracy_diff": 0.002926078942778354,
      "weighted_mean_accuracy_diff": 0.00364636510104821
    },
    "iterative_from_seed_vs_teacher_single_full_budget_from_seed": {
      "max_accuracy_diff": 0.001677852348993314,
      "min_accuracy_diff": -0.0016941973739941218,
      "std_accuracy_diff": 0.0015875839881356428,
      "weighted_mean_accuracy_diff": -0.0005673250097382917
    }
  },
  "overall_metrics": {
    "empty_prompt": {
      "accuracy": 0.5162967125597078,
      "balanced_accuracy": 0.5131111301952627,
      "confusion_matrix": [
        [
          2126,
          1734
        ],
        [
          1709,
          1549
        ]
      ],
      "count": 7118,
      "f1": 0.4736278856443969,
      "gold_positive_rate": 0.4577128406855858,
      "invalid_output_rate": 0.0,
      "mcc": 0.026207234364054626,
      "positive_rate_gap": 0.0035122225344197955,
      "predicted_positive_rate": 0.4612250632200056
    },
    "expert_fixed_benchmark": {
      "accuracy": 0.5157347569542006,
      "balanced_accuracy": 0.5180501086206293,
      "confusion_matrix": [
        [
          1894,
          1966
        ],
        [
          1481,
          1777
        ]
      ],
      "count": 7118,
      "f1": 0.5076417654620768,
      "gold_positive_rate": 0.4577128406855858,
      "invalid_output_rate": 0.0,
      "mcc": 0.03601904597038925,
      "positive_rate_gap": 0.06813711716774373,
      "predicted_positive_rate": 0.5258499578533296
    },
    "iterative_from_seed": {
      "accuracy": 0.5233211576285474,
      "balanced_accuracy": 0.5246141025518691,
      "confusion_matrix": [
        [
          1966,
          1894
        ],
        [
          1499,
          1759
        ]
      ],
      "count": 7118,
      "f1": 0.5090435537548835,
      "gold_positive_rate": 0.4577128406855858,
      "invalid_output_rate": 0.0,
      "mcc": 0.04906894697913037,
      "positive_rate_gap": 0.05549311604383256,
      "predicted_positive_rate": 0.5132059567294184
    },
    "seed_frozen": {
      "accuracy": 0.5196684461927508,
      "balanced_accuracy": 0.5214137698514935,
      "confusion_matrix": [
        [
          1933,
          1927
        ],
        [
          1492,
          1766
        ]
      ],
      "count": 7118,
      "f1": 0.5081283268594446,
      "gold_positive_rate": 0.4577128406855858,
      "invalid_output_rate": 0.0,
      "mcc": 0.042704375670452946,
      "positive_rate_gap": 0.06111267209890425,
      "predicted_positive_rate": 0.5188255127844901
    },
    "teacher_single_full_budget_from_seed": {
      "accuracy": 0.5238831132340546,
      "balanced_accuracy": 0.5245099348912363,
      "confusion_matrix": [
        [
          1996,
          1864
        ],
        [
          1525,
          1733
        ]
      ],
      "count": 7118,
      "f1": 0.5056163384390956,
      "gold_positive_rate": 0.4577128406855858,
      "invalid_output_rate": 0.0,
      "mcc": 0.0488470245187315,
      "positive_rate_gap": 0.047625737566732274,
      "predicted_positive_rate": 0.5053385782523181
    }
  },
  "pairwise_tests": {
    "iterative_from_seed_vs_empty_prompt": {
      "bootstrap_accuracy_diff": {
        "high": 0.013211710737266928,
        "low": 0.000982166667188078,
        "mean": 0.0070316086300841055
      },
      "discordant_a_only": 218,
      "discordant_b_only": 168,
      "holm_adjusted_p_value": 0.025059646122523375,
      "p_value": 0.012529823061261687
    },
    "iterative_from_seed_vs_expert_fixed_benchmark": {
      "bootstrap_accuracy_diff": {
        "high": 0.011379841019977806,
        "low": 0.003930927979783891,
        "mean": 0.0076280437590677
      },
      "discordant_a_only": 114,
      "discordant_b_only": 60,
      "p_value": 5.163850933956149e-05
    },
    "iterative_from_seed_vs_seed_frozen": {
      "bootstrap_accuracy_diff": {
        "high": 0.0054706321762535755,
        "low": 0.001966844619275096,
        "mean": 0.0036572902361583955
      },
      "discordant_a_only": 33,
      "discordant_b_only": 7,
      "p_value": 4.2277022657799534e-05
    },
    "iterative_from_seed_vs_teacher_single_full_budget_from_seed": {
      "bootstrap_accuracy_diff": {
        "high": 0.0016925485681256126,
        "low": -0.002804291980957924,
        "mean": -0.0005345391904203535
      },
      "discordant_a_only": 29,
      "discordant_b_only": 33,
      "holm_adjusted_p_value": 0.7035366713552733,
      "p_value": 0.7035366713552733
    }
  },
  "slice_metrics": {
    "empty_prompt": {
      "challenge_slice": {
        "accuracy": 0.4415204678362573,
        "balanced_accuracy": 0.4586660725914248,
        "confusion_matrix": [
          [
            99,
            975
          ],
          [
            171,
            807
          ]
        ],
        "count": 2052,
        "f1": 0.5847826086956521,
        "gold_positive_rate": 0.4766081871345029,
        "invalid_output_rate": 0.0,
        "mcc": -0.12214410292543317,
        "positive_rate_gap": 0.39181286549707606,
        "predicted_positive_rate": 0.868421052631579
      },
      "per_label": {
        "0": {
          "accuracy": 0.5507772020725389,
          "count": 3860.0
        },
        "1": {
          "accuracy": 0.4754450583179865,
          "count": 3258.0
        }
      }
    },
    "expert_fixed_benchmark": {
      "challenge_slice": {
        "accuracy": 0.45857699805068225,
        "balanced_accuracy": 0.47925592075950235,
        "confusion_matrix": [
          [
            40,
            1034
          ],
          [
            77,
            901
          ]
        ],
        "count": 2052,
        "f1": 0.6186062478544456,
        "gold_positive_rate": 0.4766081871345029,
        "invalid_output_rate": 0.0,
        "mcc": -0.0893639405387529,
        "positive_rate_gap": 0.466374269005848,
        "predicted_positive_rate": 0.9429824561403509
      },
      "per_label": {
        "0": {
          "accuracy": 0.4906735751295337,
          "count": 3860.0
        },
        "1": {
          "accuracy": 0.545426642111725,
          "count": 3258.0
        }
      }
    },
    "iterative_from_seed": {
      "challenge_slice": {
        "accuracy": 0.4615009746588694,
        "balanced_accuracy": 0.48214061303995154,
        "confusion_matrix": [
          [
            44,
            1030
          ],
          [
            75,
            903
          ]
        ],
        "count": 2052,
        "f1": 0.6204053589831673,
        "gold_positive_rate": 0.4766081871345029,
        "invalid_output_rate": 0.0,
        "mcc": -0.07632708968840579,
        "positive_rate_gap": 0.46539961013645226,
        "predicted_positive_rate": 0.9420077972709552
      },
      "per_label": {
        "0": {
          "accuracy": 0.5093264248704663,
          "count": 3860.0
        },
        "1": {
          "accuracy": 0.539901780233272,
          "count": 3258.0
        }
      }
    },
    "seed_frozen": {
      "challenge_slice": {
        "accuracy": 0.459551656920078,
        "balanced_accuracy": 0.4802784156470279,
        "confusion_matrix": [
          [
            40,
            1034
          ],
          [
            75,
            903
          ]
        ],
        "count": 2052,
        "f1": 0.6195540308747856,